{
  "avg_mse_baseline": 0.7525453966070761,
  "avg_mse_nexus": 0.7452379937664261,
  "gain_pct": 0.9710248542607723,
  "n_samples": 1970
}