{
  "avg_mse_baseline": 0.7525453966070761,
  "avg_mse_nexus": 0.7466339967811603,
  "gain_pct": 0.785520694507991,
  "n_samples": 1970
}